-- MySQL dump 10.13  Distrib 5.1.41, for debian-linux-gnu (i486)
--
-- Host: localhost    Database: twitelugu_production
-- ------------------------------------------------------
-- Server version	5.1.41-3ubuntu12.10

/*!40101 SET @OLD_CHARACTER_SET_CLIENT=@@CHARACTER_SET_CLIENT */;
/*!40101 SET @OLD_CHARACTER_SET_RESULTS=@@CHARACTER_SET_RESULTS */;
/*!40101 SET @OLD_COLLATION_CONNECTION=@@COLLATION_CONNECTION */;
/*!40101 SET NAMES utf8 */;
/*!40103 SET @OLD_TIME_ZONE=@@TIME_ZONE */;
/*!40103 SET TIME_ZONE='+00:00' */;
/*!40014 SET @OLD_UNIQUE_CHECKS=@@UNIQUE_CHECKS, UNIQUE_CHECKS=0 */;
/*!40014 SET @OLD_FOREIGN_KEY_CHECKS=@@FOREIGN_KEY_CHECKS, FOREIGN_KEY_CHECKS=0 */;
/*!40101 SET @OLD_SQL_MODE=@@SQL_MODE, SQL_MODE='NO_AUTO_VALUE_ON_ZERO' */;
/*!40111 SET @OLD_SQL_NOTES=@@SQL_NOTES, SQL_NOTES=0 */;

--
-- Table structure for table `schema_migrations`
--

DROP TABLE IF EXISTS `schema_migrations`;
/*!40101 SET @saved_cs_client     = @@character_set_client */;
/*!40101 SET character_set_client = utf8 */;
CREATE TABLE `schema_migrations` (
  `version` varchar(255) COLLATE utf8_unicode_ci NOT NULL,
  UNIQUE KEY `unique_schema_migrations` (`version`)
) ENGINE=InnoDB DEFAULT CHARSET=utf8 COLLATE=utf8_unicode_ci;
/*!40101 SET character_set_client = @saved_cs_client */;

--
-- Dumping data for table `schema_migrations`
--

LOCK TABLES `schema_migrations` WRITE;
/*!40000 ALTER TABLE `schema_migrations` DISABLE KEYS */;
INSERT INTO `schema_migrations` VALUES ('20120225145437'),('20120226085344'),('20120303172151'),('20120310013118');
/*!40000 ALTER TABLE `schema_migrations` ENABLE KEYS */;
UNLOCK TABLES;

--
-- Table structure for table `tweets`
--

DROP TABLE IF EXISTS `tweets`;
/*!40101 SET @saved_cs_client     = @@character_set_client */;
/*!40101 SET character_set_client = utf8 */;
CREATE TABLE `tweets` (
  `id` int(11) NOT NULL AUTO_INCREMENT,
  `user_id` int(11) DEFAULT NULL,
  `tweet_text` varchar(255) COLLATE utf8_unicode_ci DEFAULT NULL,
  `twitter_id_str` varchar(255) COLLATE utf8_unicode_ci DEFAULT NULL,
  `source` varchar(255) COLLATE utf8_unicode_ci DEFAULT NULL,
  `deleted` tinyint(1) DEFAULT '0',
  `created_at` datetime NOT NULL,
  `updated_at` datetime NOT NULL,
  PRIMARY KEY (`id`)
) ENGINE=InnoDB AUTO_INCREMENT=11 DEFAULT CHARSET=utf8 COLLATE=utf8_unicode_ci;
/*!40101 SET character_set_client = @saved_cs_client */;

--
-- Dumping data for table `tweets`
--

LOCK TABLES `tweets` WRITE;
/*!40000 ALTER TABLE `tweets` DISABLE KEYS */;
INSERT INTO `tweets` VALUES (1,1,'ట్విట్ తెలుగు - మొదటి పోస్ట్..','176337642135359489','<a href=\"http://twittelugu.com/\" rel=\"nofollow\">twitelugu</a>',0,'2012-03-04 16:05:44','2012-03-04 16:05:45'),(2,2,'టెస్ట్ త్వీట్ ','176508335300939777','<a href=\"http://twittelugu.com\" rel=\"nofollow\">twitelugu</a>',0,'2012-03-05 03:24:00','2012-03-05 03:24:01'),(3,3,'దెస బాషలందు తెలుగు లెస్స....','176610488560533504','<a href=\"http://twitelugu.com\" rel=\"nofollow\">twitelugu</a>',0,'2012-03-05 10:09:56','2012-03-05 10:09:56'),(4,4,'నా మొదటి తెలుగు లో త్వీట్ ','176610754127069184','<a href=\"http://twitelugu.com\" rel=\"nofollow\">twitelugu</a>',0,'2012-03-05 10:10:59','2012-03-05 10:10:59'),(5,5,'Welcome!','176618765532925952','<a href=\"http://twitelugu.com\" rel=\"nofollow\">twitelugu</a>',0,'2012-03-05 10:42:49','2012-03-05 10:42:49'),(6,5,'భార్యంటే - దారి తెలిసి, డ్రైవింగ్ తెలియని స్త్రీ. భర్తంటే డ్రైవింగ్ తెలిసి, దారి తెలియని మొగాడు. అందుకే ఇద్దరూ \'కలసి\' ప్రయాణం చెయ్యాలి...!!','176618895422128130','<a href=\"http://twitelugu.com\" rel=\"nofollow\">twitelugu</a>',0,'2012-03-05 10:43:20','2012-03-05 10:43:21'),(7,9,'మైక్ టెస్టింగ్ 1 2 3  ','176906239991754752','<a href=\"http://twitelugu.com\" rel=\"nofollow\">twitelugu</a>',0,'2012-03-06 05:45:08','2012-03-06 05:45:09'),(8,7,'\"కొడుకు గారు దోచారు\" cc : @RGVZOOMIN http://t.co/2G9B31dG (Link  via @RaviTejaDanda )','177771320359137280','<a href=\"http://twitelugu.com\" rel=\"nofollow\">twitelugu</a>',0,'2012-03-08 15:02:39','2012-03-08 15:02:40'),(9,6,'హాయ్ ఎలా వున్నావు ప్రసన్న ','178109984213708800','<a href=\"http://twitelugu.com\" rel=\"nofollow\">twitelugu</a>',0,'2012-03-09 13:28:23','2012-03-09 13:28:24'),(10,11,'తెలుగు లో ట్విట్స్ పోస్ట్ చేయడానికి http://twitelugu.com ','179178140885721088','<a href=\"http://twitelugu.com\" rel=\"nofollow\">twitelugu</a>',0,'2012-03-12 12:12:52','2012-03-12 12:12:52');
/*!40000 ALTER TABLE `tweets` ENABLE KEYS */;
UNLOCK TABLES;

--
-- Table structure for table `user_activities`
--

DROP TABLE IF EXISTS `user_activities`;
/*!40101 SET @saved_cs_client     = @@character_set_client */;
/*!40101 SET character_set_client = utf8 */;
CREATE TABLE `user_activities` (
  `id` int(11) NOT NULL AUTO_INCREMENT,
  `user_id` int(11) DEFAULT NULL,
  `session_id` varchar(255) COLLATE utf8_unicode_ci DEFAULT NULL,
  `path_info` varchar(255) COLLATE utf8_unicode_ci DEFAULT NULL,
  `query_string` varchar(255) COLLATE utf8_unicode_ci DEFAULT NULL,
  `controller` varchar(255) COLLATE utf8_unicode_ci DEFAULT NULL,
  `action` varchar(255) COLLATE utf8_unicode_ci DEFAULT NULL,
  `params` varchar(255) COLLATE utf8_unicode_ci DEFAULT NULL,
  `remote_addr` varchar(255) COLLATE utf8_unicode_ci DEFAULT NULL,
  `request_method` varchar(255) COLLATE utf8_unicode_ci DEFAULT NULL,
  `request_uri` varchar(255) COLLATE utf8_unicode_ci DEFAULT NULL,
  `http_user_agent` varchar(255) COLLATE utf8_unicode_ci DEFAULT NULL,
  `http_referer` varchar(255) COLLATE utf8_unicode_ci DEFAULT NULL,
  `created_at` datetime NOT NULL,
  `updated_at` datetime NOT NULL,
  PRIMARY KEY (`id`)
) ENGINE=InnoDB AUTO_INCREMENT=143 DEFAULT CHARSET=utf8 COLLATE=utf8_unicode_ci;
/*!40101 SET character_set_client = @saved_cs_client */;

--
-- Dumping data for table `user_activities`
--

LOCK TABLES `user_activities` WRITE;
/*!40000 ALTER TABLE `user_activities` DISABLE KEYS */;
INSERT INTO `user_activities` VALUES (1,NULL,'549e4f89a43192a0735d91af4d7d0653','/','','home','index','{\"controller\"=>\"home\", \"action\"=>\"index\"}','27.6.0.60','GET','http://www.twitelugu.com/','Mozilla/5.0 (Windows NT 6.1; rv:10.0.2) Gecko/20100101 Firefox/10.0.2',NULL,'2012-03-13 16:26:40','2012-03-13 16:26:40'),(2,NULL,'549e4f89a43192a0735d91af4d7d0653','/auth/twitter','','sessions','new','{\"controller\"=>\"sessions\", \"action\"=>\"new\"}','27.6.0.60','GET','http://www.twitelugu.com/auth/twitter','Mozilla/5.0 (Windows NT 6.1; rv:10.0.2) Gecko/20100101 Firefox/10.0.2','http://www.twitelugu.com/','2012-03-13 16:26:54','2012-03-13 16:26:54'),(3,12,'549e4f89a43192a0735d91af4d7d0653','/twitter_callback','oauth_token=lOsO2oMQWLx7tLUTHmzO9gJSsU5uMCkahOSKH1MY&oauth_verifier=aoPGvFDr6kitliwBrDRfLDW0rUNS9ttScx492BF6mI','sessions','create','{\"oauth_token\"=>\"lOsO2oMQWLx7tLUTHmzO9gJSsU5uMCkahOSKH1MY\", \"oauth_verifier\"=>\"aoPGvFDr6kitliwBrDRfLDW0rUNS9ttScx492BF6mI\", \"action\"=>\"create\", \"controller\"=>\"sessions\"}','27.6.0.60','GET','http://www.twitelugu.com/twitter_callback?oauth_token=lOsO2oMQWLx7tLUTHmzO9gJSsU5uMCkahOSKH1MY&oauth_verifier=aoPGvFDr6kitliwBrDRfLDW0rUNS9ttScx492BF6mI','Mozilla/5.0 (Windows NT 6.1; rv:10.0.2) Gecko/20100101 Firefox/10.0.2',NULL,'2012-03-13 16:27:00','2012-03-13 16:27:00'),(4,12,'549e4f89a43192a0735d91af4d7d0653','/tweets/new','','tweets','new','{\"action\"=>\"new\", \"controller\"=>\"tweets\"}','27.6.0.60','GET','http://www.twitelugu.com/tweets/new','Mozilla/5.0 (Windows NT 6.1; rv:10.0.2) Gecko/20100101 Firefox/10.0.2',NULL,'2012-03-13 16:27:33','2012-03-13 16:27:33'),(5,12,'549e4f89a43192a0735d91af4d7d0653','/','','home','index','{\"controller\"=>\"home\", \"action\"=>\"index\"}','27.6.0.60','GET','http://www.twitelugu.com/','Mozilla/5.0 (Windows NT 6.1; rv:10.0.2) Gecko/20100101 Firefox/10.0.2','http://www.twitelugu.com/tweets/new','2012-03-13 16:27:39','2012-03-13 16:27:39'),(6,12,'549e4f89a43192a0735d91af4d7d0653','/tweets/new','','tweets','new','{\"action\"=>\"new\", \"controller\"=>\"tweets\"}','27.6.0.60','GET','http://www.twitelugu.com/tweets/new','Mozilla/5.0 (Windows NT 6.1; rv:10.0.2) Gecko/20100101 Firefox/10.0.2','http://www.twitelugu.com/tweets/new','2012-03-13 16:27:39','2012-03-13 16:27:39'),(7,12,'549e4f89a43192a0735d91af4d7d0653','/admin/dashboard','','dashboard','index','{\"action\"=>\"index\", \"controller\"=>\"admin/dashboard\"}','27.6.0.60','GET','http://www.twitelugu.com/admin/dashboard','Mozilla/5.0 (Windows NT 6.1; rv:10.0.2) Gecko/20100101 Firefox/10.0.2',NULL,'2012-03-13 16:28:19','2012-03-13 16:28:19'),(8,12,'549e4f89a43192a0735d91af4d7d0653','/','','home','index','{\"controller\"=>\"home\", \"action\"=>\"index\"}','27.6.0.60','GET','http://www.twitelugu.com/','Mozilla/5.0 (Windows NT 6.1; rv:10.0.2) Gecko/20100101 Firefox/10.0.2',NULL,'2012-03-13 16:30:24','2012-03-13 16:30:24'),(9,12,'549e4f89a43192a0735d91af4d7d0653','/tweets/new','','tweets','new','{\"action\"=>\"new\", \"controller\"=>\"tweets\"}','27.6.0.60','GET','http://www.twitelugu.com/tweets/new','Mozilla/5.0 (Windows NT 6.1; rv:10.0.2) Gecko/20100101 Firefox/10.0.2',NULL,'2012-03-13 16:30:25','2012-03-13 16:30:25'),(10,12,'549e4f89a43192a0735d91af4d7d0653','/','','home','index','{\"controller\"=>\"home\", \"action\"=>\"index\"}','27.6.0.60','GET','http://www.twitelugu.com/','Mozilla/5.0 (Windows NT 6.1; rv:10.0.2) Gecko/20100101 Firefox/10.0.2',NULL,'2012-03-13 16:30:39','2012-03-13 16:30:39'),(11,12,'549e4f89a43192a0735d91af4d7d0653','/tweets/new','','tweets','new','{\"action\"=>\"new\", \"controller\"=>\"tweets\"}','27.6.0.60','GET','http://www.twitelugu.com/tweets/new','Mozilla/5.0 (Windows NT 6.1; rv:10.0.2) Gecko/20100101 Firefox/10.0.2',NULL,'2012-03-13 16:30:39','2012-03-13 16:30:39'),(12,12,'549e4f89a43192a0735d91af4d7d0653','/','','home','index','{\"controller\"=>\"home\", \"action\"=>\"index\"}','27.6.0.60','GET','http://www.twitelugu.com/','Mozilla/5.0 (Windows NT 6.1; rv:10.0.2) Gecko/20100101 Firefox/10.0.2','http://www.twitelugu.com/tweets/new','2012-03-13 16:30:48','2012-03-13 16:30:48'),(13,12,'549e4f89a43192a0735d91af4d7d0653','/tweets/new','','tweets','new','{\"action\"=>\"new\", \"controller\"=>\"tweets\"}','27.6.0.60','GET','http://www.twitelugu.com/tweets/new','Mozilla/5.0 (Windows NT 6.1; rv:10.0.2) Gecko/20100101 Firefox/10.0.2','http://www.twitelugu.com/tweets/new','2012-03-13 16:30:49','2012-03-13 16:30:49'),(14,NULL,NULL,'/logout','','sessions','destroy','{\"controller\"=>\"sessions\", \"action\"=>\"destroy\"}','27.6.0.60','GET','http://www.twitelugu.com/logout','Mozilla/5.0 (Windows NT 6.1; rv:10.0.2) Gecko/20100101 Firefox/10.0.2','http://www.twitelugu.com/tweets/new','2012-03-13 16:30:58','2012-03-13 16:30:58'),(15,NULL,'4d7e348d772f7ff97847b653495adcc5','/','','home','index','{\"controller\"=>\"home\", \"action\"=>\"index\"}','27.6.0.60','GET','http://www.twitelugu.com/','Mozilla/5.0 (Windows NT 6.1; rv:10.0.2) Gecko/20100101 Firefox/10.0.2','http://www.twitelugu.com/tweets/new','2012-03-13 16:31:00','2012-03-13 16:31:00'),(16,NULL,'4d7e348d772f7ff97847b653495adcc5','/','','home','index','{\"controller\"=>\"home\", \"action\"=>\"index\"}','27.6.0.60','GET','http://www.twitelugu.com/','Mozilla/5.0 (Windows NT 6.1; rv:10.0.2) Gecko/20100101 Firefox/10.0.2',NULL,'2012-03-13 16:32:03','2012-03-13 16:32:03'),(17,NULL,'e5cad9eb9a3dc09c107f55578f7518ed','/','','home','index','{\"controller\"=>\"home\", \"action\"=>\"index\"}','27.6.0.60','GET','http://www.twitelugu.com/','Mozilla/5.0 (Windows NT 6.1; rv:10.0.2) Gecko/20100101 Firefox/10.0.2',NULL,'2012-03-13 16:50:52','2012-03-13 16:50:52'),(18,NULL,'e5cad9eb9a3dc09c107f55578f7518ed','/user/twitelugu','','tweets','user_tweets','{\"controller\"=>\"tweets\", \"action\"=>\"user_tweets\", \"screen_name\"=>\"twitelugu\"}','27.6.0.60','GET','http://www.twitelugu.com/user/twitelugu','Mozilla/5.0 (Windows NT 6.1; rv:10.0.2) Gecko/20100101 Firefox/10.0.2','http://www.twitelugu.com/','2012-03-13 16:50:57','2012-03-13 16:50:57'),(19,NULL,'c6abd8d9dda6d6a8deccadc8e87aea3b','/user/prasannaboga','','tweets','user_tweets','{\"controller\"=>\"tweets\", \"action\"=>\"user_tweets\", \"screen_name\"=>\"prasannaboga\"}','66.249.67.19','GET','http://www.twitelugu.com/user/prasannaboga','Mozilla/5.0 (compatible; Googlebot/2.1; +http://www.google.com/bot.html)',NULL,'2012-03-13 16:51:24','2012-03-13 16:51:24'),(20,NULL,'c2dacac76d4dab37f963423f3cefb833','/user/prasannaboga','','tweets','user_tweets','{\"controller\"=>\"tweets\", \"action\"=>\"user_tweets\", \"screen_name\"=>\"prasannaboga\"}','66.249.67.19','GET','http://www.twitelugu.com/user/prasannaboga','Mozilla/5.0 (compatible; Googlebot/2.1; +http://www.google.com/bot.html)',NULL,'2012-03-13 16:51:24','2012-03-13 16:51:24'),(21,NULL,'bed93b65704149f82c7447c2c14fa4e4','/user/prasannaboga','','tweets','user_tweets','{\"controller\"=>\"tweets\", \"action\"=>\"user_tweets\", \"screen_name\"=>\"prasannaboga\"}','66.249.67.19','GET','http://www.twitelugu.com/user/prasannaboga','Mozilla/5.0 (compatible; Googlebot/2.1; +http://www.google.com/bot.html)',NULL,'2012-03-13 16:51:25','2012-03-13 16:51:25'),(22,NULL,'e5cad9eb9a3dc09c107f55578f7518ed','/user/prasannaboga','','tweets','user_tweets','{\"controller\"=>\"tweets\", \"action\"=>\"user_tweets\", \"screen_name\"=>\"prasannaboga\"}','27.6.0.60','GET','http://www.twitelugu.com/user/prasannaboga','Mozilla/5.0 (Windows NT 6.1; rv:10.0.2) Gecko/20100101 Firefox/10.0.2',NULL,'2012-03-13 16:51:28','2012-03-13 16:51:28'),(23,NULL,'e5cad9eb9a3dc09c107f55578f7518ed','/','','home','index','{\"controller\"=>\"home\", \"action\"=>\"index\"}','27.6.0.60','GET','http://www.twitelugu.com/','Mozilla/5.0 (Windows NT 6.1; rv:10.0.2) Gecko/20100101 Firefox/10.0.2','http://www.twitelugu.com/user/prasannaboga','2012-03-13 16:51:34','2012-03-13 16:51:34'),(24,NULL,'e5cad9eb9a3dc09c107f55578f7518ed','/user/twitelugu','','tweets','user_tweets','{\"controller\"=>\"tweets\", \"action\"=>\"user_tweets\", \"screen_name\"=>\"twitelugu\"}','27.6.0.60','GET','http://www.twitelugu.com/user/twitelugu','Mozilla/5.0 (Windows NT 6.1; rv:10.0.2) Gecko/20100101 Firefox/10.0.2','http://www.twitelugu.com/','2012-03-13 16:51:36','2012-03-13 16:51:36'),(25,NULL,'e5cad9eb9a3dc09c107f55578f7518ed','/','','home','index','{\"controller\"=>\"home\", \"action\"=>\"index\"}','27.6.0.60','GET','http://www.twitelugu.com/','Mozilla/5.0 (Windows NT 6.1; rv:10.0.2) Gecko/20100101 Firefox/10.0.2','http://www.twitelugu.com/user/twitelugu','2012-03-13 16:51:38','2012-03-13 16:51:38'),(26,NULL,'e5cad9eb9a3dc09c107f55578f7518ed','/user/subha3107','','tweets','user_tweets','{\"controller\"=>\"tweets\", \"action\"=>\"user_tweets\", \"screen_name\"=>\"subha3107\"}','27.6.0.60','GET','http://www.twitelugu.com/user/subha3107','Mozilla/5.0 (Windows NT 6.1; rv:10.0.2) Gecko/20100101 Firefox/10.0.2','http://www.twitelugu.com/','2012-03-13 16:51:40','2012-03-13 16:51:40'),(27,NULL,'055e75029139513d630ac15744472ad6','/user/subha3107','','tweets','user_tweets','{\"controller\"=>\"tweets\", \"action\"=>\"user_tweets\", \"screen_name\"=>\"subha3107\"}','66.249.67.19','GET','http://www.twitelugu.com/user/subha3107','Mozilla/5.0 (compatible; Googlebot/2.1; +http://www.google.com/bot.html)',NULL,'2012-03-13 16:51:59','2012-03-13 16:51:59'),(28,NULL,'921b8f1a79737613a1f86a0e3c3ed534','/user/subha3107','','tweets','user_tweets','{\"controller\"=>\"tweets\", \"action\"=>\"user_tweets\", \"screen_name\"=>\"subha3107\"}','66.249.67.19','GET','http://www.twitelugu.com/user/subha3107','Mozilla/5.0 (compatible; Googlebot/2.1; +http://www.google.com/bot.html)',NULL,'2012-03-13 16:51:59','2012-03-13 16:51:59'),(29,NULL,'19e698c9ef5cfdab5d64155954db7793','/user/subha3107','','tweets','user_tweets','{\"controller\"=>\"tweets\", \"action\"=>\"user_tweets\", \"screen_name\"=>\"subha3107\"}','66.249.67.19','GET','http://www.twitelugu.com/user/subha3107','Mozilla/5.0 (compatible; Googlebot/2.1; +http://www.google.com/bot.html)',NULL,'2012-03-13 16:52:04','2012-03-13 16:52:04'),(30,NULL,'e5cad9eb9a3dc09c107f55578f7518ed','/user/subha3107a','','tweets','user_tweets','{\"controller\"=>\"tweets\", \"action\"=>\"user_tweets\", \"screen_name\"=>\"subha3107a\"}','27.6.0.60','GET','http://www.twitelugu.com/user/subha3107a','Mozilla/5.0 (Windows NT 6.1; rv:10.0.2) Gecko/20100101 Firefox/10.0.2',NULL,'2012-03-13 16:52:21','2012-03-13 16:52:21'),(31,NULL,'4d6279b3809e76ed0d255e5777aac047','/','','home','index','{\"controller\"=>\"home\", \"action\"=>\"index\"}','85.92.84.232','GET','http://twitelugu.com/','Mozilla/5.0 (compatible; XML Sitemaps Generator; http://www.xml-sitemaps.com) Gecko XML-Sitemaps/1.0',NULL,'2012-03-13 16:56:24','2012-03-13 16:56:24'),(32,NULL,'4d6279b3809e76ed0d255e5777aac047','/','','home','index','{\"controller\"=>\"home\", \"action\"=>\"index\"}','85.92.84.232','GET','http://twitelugu.com/','Mozilla/5.0 (compatible; XML Sitemaps Generator; http://www.xml-sitemaps.com) Gecko XML-Sitemaps/1.0',NULL,'2012-03-13 16:56:24','2012-03-13 16:56:24'),(33,NULL,'4d6279b3809e76ed0d255e5777aac047','/user/twitelugu','','tweets','user_tweets','{\"controller\"=>\"tweets\", \"action\"=>\"user_tweets\", \"screen_name\"=>\"twitelugu\"}','85.92.84.232','GET','http://twitelugu.com/user/twitelugu','Mozilla/5.0 (compatible; XML Sitemaps Generator; http://www.xml-sitemaps.com) Gecko XML-Sitemaps/1.0',NULL,'2012-03-13 16:56:25','2012-03-13 16:56:25'),(34,NULL,'4d6279b3809e76ed0d255e5777aac047','/tweet/twitelugu/10','','tweets','show','{\"controller\"=>\"tweets\", \"action\"=>\"show\", \"screen_name\"=>\"twitelugu\", \"tweet_id\"=>\"10\"}','85.92.84.232','GET','http://twitelugu.com/tweet/twitelugu/10','Mozilla/5.0 (compatible; XML Sitemaps Generator; http://www.xml-sitemaps.com) Gecko XML-Sitemaps/1.0',NULL,'2012-03-13 16:56:25','2012-03-13 16:56:25'),(35,NULL,'4d6279b3809e76ed0d255e5777aac047','/user/subha3107','','tweets','user_tweets','{\"controller\"=>\"tweets\", \"action\"=>\"user_tweets\", \"screen_name\"=>\"subha3107\"}','85.92.84.232','GET','http://twitelugu.com/user/subha3107','Mozilla/5.0 (compatible; XML Sitemaps Generator; http://www.xml-sitemaps.com) Gecko XML-Sitemaps/1.0',NULL,'2012-03-13 16:56:25','2012-03-13 16:56:25'),(36,NULL,'4d6279b3809e76ed0d255e5777aac047','/tweet/subha3107/9','','tweets','show','{\"controller\"=>\"tweets\", \"action\"=>\"show\", \"screen_name\"=>\"subha3107\", \"tweet_id\"=>\"9\"}','85.92.84.232','GET','http://twitelugu.com/tweet/subha3107/9','Mozilla/5.0 (compatible; XML Sitemaps Generator; http://www.xml-sitemaps.com) Gecko XML-Sitemaps/1.0',NULL,'2012-03-13 16:56:26','2012-03-13 16:56:26'),(37,NULL,'4d6279b3809e76ed0d255e5777aac047','/user/NagPingili','','tweets','user_tweets','{\"controller\"=>\"tweets\", \"action\"=>\"user_tweets\", \"screen_name\"=>\"NagPingili\"}','85.92.84.232','GET','http://twitelugu.com/user/NagPingili','Mozilla/5.0 (compatible; XML Sitemaps Generator; http://www.xml-sitemaps.com) Gecko XML-Sitemaps/1.0',NULL,'2012-03-13 16:56:26','2012-03-13 16:56:26'),(38,NULL,'4d6279b3809e76ed0d255e5777aac047','/tweet/NagPingili/8','','tweets','show','{\"controller\"=>\"tweets\", \"action\"=>\"show\", \"screen_name\"=>\"NagPingili\", \"tweet_id\"=>\"8\"}','85.92.84.232','GET','http://twitelugu.com/tweet/NagPingili/8','Mozilla/5.0 (compatible; XML Sitemaps Generator; http://www.xml-sitemaps.com) Gecko XML-Sitemaps/1.0',NULL,'2012-03-13 16:56:26','2012-03-13 16:56:26'),(39,NULL,'4d6279b3809e76ed0d255e5777aac047','/user/kumar_vv','','tweets','user_tweets','{\"controller\"=>\"tweets\", \"action\"=>\"user_tweets\", \"screen_name\"=>\"kumar_vv\"}','85.92.84.232','GET','http://twitelugu.com/user/kumar_vv','Mozilla/5.0 (compatible; XML Sitemaps Generator; http://www.xml-sitemaps.com) Gecko XML-Sitemaps/1.0',NULL,'2012-03-13 16:56:27','2012-03-13 16:56:27'),(40,NULL,'4d6279b3809e76ed0d255e5777aac047','/tweet/kumar_vv/7','','tweets','show','{\"controller\"=>\"tweets\", \"action\"=>\"show\", \"screen_name\"=>\"kumar_vv\", \"tweet_id\"=>\"7\"}','85.92.84.232','GET','http://twitelugu.com/tweet/kumar_vv/7','Mozilla/5.0 (compatible; XML Sitemaps Generator; http://www.xml-sitemaps.com) Gecko XML-Sitemaps/1.0',NULL,'2012-03-13 16:56:27','2012-03-13 16:56:27'),(41,NULL,'4d6279b3809e76ed0d255e5777aac047','/user/budarapumahesh','','tweets','user_tweets','{\"controller\"=>\"tweets\", \"action\"=>\"user_tweets\", \"screen_name\"=>\"budarapumahesh\"}','85.92.84.232','GET','http://twitelugu.com/user/budarapumahesh','Mozilla/5.0 (compatible; XML Sitemaps Generator; http://www.xml-sitemaps.com) Gecko XML-Sitemaps/1.0',NULL,'2012-03-13 16:56:27','2012-03-13 16:56:27'),(42,NULL,'4d6279b3809e76ed0d255e5777aac047','/tweet/budarapumahesh/6','','tweets','show','{\"controller\"=>\"tweets\", \"action\"=>\"show\", \"screen_name\"=>\"budarapumahesh\", \"tweet_id\"=>\"6\"}','85.92.84.232','GET','http://twitelugu.com/tweet/budarapumahesh/6','Mozilla/5.0 (compatible; XML Sitemaps Generator; http://www.xml-sitemaps.com) Gecko XML-Sitemaps/1.0',NULL,'2012-03-13 16:56:28','2012-03-13 16:56:28'),(43,NULL,'4d6279b3809e76ed0d255e5777aac047','/tweet/budarapumahesh/5','','tweets','show','{\"controller\"=>\"tweets\", \"action\"=>\"show\", \"screen_name\"=>\"budarapumahesh\", \"tweet_id\"=>\"5\"}','85.92.84.232','GET','http://twitelugu.com/tweet/budarapumahesh/5','Mozilla/5.0 (compatible; XML Sitemaps Generator; http://www.xml-sitemaps.com) Gecko XML-Sitemaps/1.0',NULL,'2012-03-13 16:56:28','2012-03-13 16:56:28'),(44,NULL,'4d6279b3809e76ed0d255e5777aac047','/user/bramu','','tweets','user_tweets','{\"controller\"=>\"tweets\", \"action\"=>\"user_tweets\", \"screen_name\"=>\"bramu\"}','85.92.84.232','GET','http://twitelugu.com/user/bramu','Mozilla/5.0 (compatible; XML Sitemaps Generator; http://www.xml-sitemaps.com) Gecko XML-Sitemaps/1.0',NULL,'2012-03-13 16:56:28','2012-03-13 16:56:28'),(45,NULL,'4d6279b3809e76ed0d255e5777aac047','/tweet/bramu/4','','tweets','show','{\"controller\"=>\"tweets\", \"action\"=>\"show\", \"screen_name\"=>\"bramu\", \"tweet_id\"=>\"4\"}','85.92.84.232','GET','http://twitelugu.com/tweet/bramu/4','Mozilla/5.0 (compatible; XML Sitemaps Generator; http://www.xml-sitemaps.com) Gecko XML-Sitemaps/1.0',NULL,'2012-03-13 16:56:28','2012-03-13 16:56:28'),(46,NULL,'4d6279b3809e76ed0d255e5777aac047','/user/friendlybalu007','','tweets','user_tweets','{\"controller\"=>\"tweets\", \"action\"=>\"user_tweets\", \"screen_name\"=>\"friendlybalu007\"}','85.92.84.232','GET','http://twitelugu.com/user/friendlybalu007','Mozilla/5.0 (compatible; XML Sitemaps Generator; http://www.xml-sitemaps.com) Gecko XML-Sitemaps/1.0',NULL,'2012-03-13 16:56:29','2012-03-13 16:56:29'),(47,NULL,'4d6279b3809e76ed0d255e5777aac047','/tweet/friendlybalu007/3','','tweets','show','{\"controller\"=>\"tweets\", \"action\"=>\"show\", \"screen_name\"=>\"friendlybalu007\", \"tweet_id\"=>\"3\"}','85.92.84.232','GET','http://twitelugu.com/tweet/friendlybalu007/3','Mozilla/5.0 (compatible; XML Sitemaps Generator; http://www.xml-sitemaps.com) Gecko XML-Sitemaps/1.0',NULL,'2012-03-13 16:56:29','2012-03-13 16:56:29'),(48,NULL,'4d6279b3809e76ed0d255e5777aac047','/user/praneethpatlola','','tweets','user_tweets','{\"controller\"=>\"tweets\", \"action\"=>\"user_tweets\", \"screen_name\"=>\"praneethpatlola\"}','85.92.84.232','GET','http://twitelugu.com/user/praneethpatlola','Mozilla/5.0 (compatible; XML Sitemaps Generator; http://www.xml-sitemaps.com) Gecko XML-Sitemaps/1.0',NULL,'2012-03-13 16:56:29','2012-03-13 16:56:29'),(49,NULL,'4d6279b3809e76ed0d255e5777aac047','/tweet/praneethpatlola/2','','tweets','show','{\"controller\"=>\"tweets\", \"action\"=>\"show\", \"screen_name\"=>\"praneethpatlola\", \"tweet_id\"=>\"2\"}','85.92.84.232','GET','http://twitelugu.com/tweet/praneethpatlola/2','Mozilla/5.0 (compatible; XML Sitemaps Generator; http://www.xml-sitemaps.com) Gecko XML-Sitemaps/1.0',NULL,'2012-03-13 16:56:29','2012-03-13 16:56:29'),(50,NULL,'4d6279b3809e76ed0d255e5777aac047','/user/prasofty','','tweets','user_tweets','{\"controller\"=>\"tweets\", \"action\"=>\"user_tweets\", \"screen_name\"=>\"prasofty\"}','85.92.84.232','GET','http://twitelugu.com/user/prasofty','Mozilla/5.0 (compatible; XML Sitemaps Generator; http://www.xml-sitemaps.com) Gecko XML-Sitemaps/1.0',NULL,'2012-03-13 16:56:30','2012-03-13 16:56:30'),(51,NULL,'4d6279b3809e76ed0d255e5777aac047','/tweet/prasofty/1','','tweets','show','{\"controller\"=>\"tweets\", \"action\"=>\"show\", \"screen_name\"=>\"prasofty\", \"tweet_id\"=>\"1\"}','85.92.84.232','GET','http://twitelugu.com/tweet/prasofty/1','Mozilla/5.0 (compatible; XML Sitemaps Generator; http://www.xml-sitemaps.com) Gecko XML-Sitemaps/1.0',NULL,'2012-03-13 16:56:30','2012-03-13 16:56:30'),(52,NULL,'4d6279b3809e76ed0d255e5777aac047','/auth/twitter','','sessions','new','{\"controller\"=>\"sessions\", \"action\"=>\"new\"}','85.92.84.232','GET','http://twitelugu.com/auth/twitter','Mozilla/5.0 (compatible; XML Sitemaps Generator; http://www.xml-sitemaps.com) Gecko XML-Sitemaps/1.0',NULL,'2012-03-13 16:56:30','2012-03-13 16:56:30'),(53,NULL,'428324026d1ac3c1fe18599423edf415','/','','home','index','{\"controller\"=>\"home\", \"action\"=>\"index\"}','66.249.68.17','GET','http://twitelugu.com/','Mozilla/5.0 (compatible; Googlebot/2.1; +http://www.google.com/bot.html)',NULL,'2012-03-13 19:46:51','2012-03-13 19:46:51'),(54,NULL,'1baa9b1c99e59608626cff062692af9e','/user/bramu','','tweets','user_tweets','{\"controller\"=>\"tweets\", \"action\"=>\"user_tweets\", \"screen_name\"=>\"bramu\"}','66.249.68.17','GET','http://twitelugu.com/user/bramu','Mozilla/5.0 (compatible; Googlebot/2.1; +http://www.google.com/bot.html)',NULL,'2012-03-13 20:33:41','2012-03-13 20:33:41'),(55,NULL,'70fbdc14a4b4e578ca10f0c74faa5089','/user/kumar_vv','','tweets','user_tweets','{\"controller\"=>\"tweets\", \"action\"=>\"user_tweets\", \"screen_name\"=>\"kumar_vv\"}','66.249.68.17','GET','http://twitelugu.com/user/kumar_vv','Mozilla/5.0 (compatible; Googlebot/2.1; +http://www.google.com/bot.html)',NULL,'2012-03-13 20:34:18','2012-03-13 20:34:18'),(56,NULL,'d9daff48d674cdfc6edcc702a8a6c843','/user/prasofty','','tweets','user_tweets','{\"controller\"=>\"tweets\", \"action\"=>\"user_tweets\", \"screen_name\"=>\"prasofty\"}','66.249.68.17','GET','http://twitelugu.com/user/prasofty','Mozilla/5.0 (compatible; Googlebot/2.1; +http://www.google.com/bot.html)',NULL,'2012-03-13 20:35:21','2012-03-13 20:35:21'),(57,NULL,'8cac583a931d8a1e2322fdcb3126684e','/user/twitelugu','','tweets','user_tweets','{\"controller\"=>\"tweets\", \"action\"=>\"user_tweets\", \"screen_name\"=>\"twitelugu\"}','66.249.68.17','GET','http://twitelugu.com/user/twitelugu','Mozilla/5.0 (compatible; Googlebot/2.1; +http://www.google.com/bot.html)',NULL,'2012-03-13 20:36:24','2012-03-13 20:36:24'),(58,NULL,'eb745d8e352b3c6e28b50bacedba2101','/user/subha3107','','tweets','user_tweets','{\"controller\"=>\"tweets\", \"action\"=>\"user_tweets\", \"screen_name\"=>\"subha3107\"}','66.249.68.17','GET','http://twitelugu.com/user/subha3107','Mozilla/5.0 (compatible; Googlebot/2.1; +http://www.google.com/bot.html)',NULL,'2012-03-13 20:37:27','2012-03-13 20:37:27'),(59,NULL,'76aaca5ac2fc313a6693bb8c2dd1cfc1','/user/NagPingili','','tweets','user_tweets','{\"controller\"=>\"tweets\", \"action\"=>\"user_tweets\", \"screen_name\"=>\"NagPingili\"}','66.249.68.17','GET','http://twitelugu.com/user/NagPingili','Mozilla/5.0 (compatible; Googlebot/2.1; +http://www.google.com/bot.html)',NULL,'2012-03-13 20:38:30','2012-03-13 20:38:30'),(60,NULL,'8a804e32358a241b8935f5e3e3e51abd','/user/budarapumahesh','','tweets','user_tweets','{\"controller\"=>\"tweets\", \"action\"=>\"user_tweets\", \"screen_name\"=>\"budarapumahesh\"}','66.249.68.17','GET','http://twitelugu.com/user/budarapumahesh','Mozilla/5.0 (compatible; Googlebot/2.1; +http://www.google.com/bot.html)',NULL,'2012-03-13 20:39:32','2012-03-13 20:39:32'),(61,NULL,'7edce878ff77b0709457ecdab26e364d','/user/praneethpatlola','','tweets','user_tweets','{\"controller\"=>\"tweets\", \"action\"=>\"user_tweets\", \"screen_name\"=>\"praneethpatlola\"}','66.249.68.17','GET','http://twitelugu.com/user/praneethpatlola','Mozilla/5.0 (compatible; Googlebot/2.1; +http://www.google.com/bot.html)',NULL,'2012-03-13 20:40:35','2012-03-13 20:40:35'),(62,NULL,'0791c8145da9c22af0d146e60420c289','/user/friendlybalu007','','tweets','user_tweets','{\"controller\"=>\"tweets\", \"action\"=>\"user_tweets\", \"screen_name\"=>\"friendlybalu007\"}','66.249.68.17','GET','http://twitelugu.com/user/friendlybalu007','Mozilla/5.0 (compatible; Googlebot/2.1; +http://www.google.com/bot.html)',NULL,'2012-03-13 20:41:38','2012-03-13 20:41:38'),(63,NULL,'9fe565b5f96ecb37db89cbf5d4c026d9','/tweet/bramu/4','','tweets','show','{\"controller\"=>\"tweets\", \"action\"=>\"show\", \"screen_name\"=>\"bramu\", \"tweet_id\"=>\"4\"}','66.249.68.17','GET','http://twitelugu.com/tweet/bramu/4','Mozilla/5.0 (compatible; Googlebot/2.1; +http://www.google.com/bot.html)',NULL,'2012-03-13 20:42:41','2012-03-13 20:42:41'),(64,NULL,'41f0449a830e2f8951a0f7825bba9688','/tweet/prasofty/1','','tweets','show','{\"controller\"=>\"tweets\", \"action\"=>\"show\", \"screen_name\"=>\"prasofty\", \"tweet_id\"=>\"1\"}','66.249.68.17','GET','http://twitelugu.com/tweet/prasofty/1','Mozilla/5.0 (compatible; Googlebot/2.1; +http://www.google.com/bot.html)',NULL,'2012-03-13 20:43:44','2012-03-13 20:43:44'),(65,NULL,'217bc98260d63e5a6f2c5b265f688916','/tweet/kumar_vv/7','','tweets','show','{\"controller\"=>\"tweets\", \"action\"=>\"show\", \"screen_name\"=>\"kumar_vv\", \"tweet_id\"=>\"7\"}','66.249.68.17','GET','http://twitelugu.com/tweet/kumar_vv/7','Mozilla/5.0 (compatible; Googlebot/2.1; +http://www.google.com/bot.html)',NULL,'2012-03-13 20:44:46','2012-03-13 20:44:46'),(66,NULL,'e4d15a2dee54ae9acf34ca0d0d4d78d2','/tweet/subha3107/9','','tweets','show','{\"controller\"=>\"tweets\", \"action\"=>\"show\", \"screen_name\"=>\"subha3107\", \"tweet_id\"=>\"9\"}','66.249.68.17','GET','http://twitelugu.com/tweet/subha3107/9','Mozilla/5.0 (compatible; Googlebot/2.1; +http://www.google.com/bot.html)',NULL,'2012-03-13 20:45:49','2012-03-13 20:45:49'),(67,NULL,'efc93decd4eef1e7191cbb19855a33f3','/tweet/twitelugu/10','','tweets','show','{\"controller\"=>\"tweets\", \"action\"=>\"show\", \"screen_name\"=>\"twitelugu\", \"tweet_id\"=>\"10\"}','66.249.68.17','GET','http://twitelugu.com/tweet/twitelugu/10','Mozilla/5.0 (compatible; Googlebot/2.1; +http://www.google.com/bot.html)',NULL,'2012-03-13 20:46:52','2012-03-13 20:46:52'),(68,NULL,'fa21cdbea22e59eef1abb44af3112a6e','/tweet/NagPingili/8','','tweets','show','{\"controller\"=>\"tweets\", \"action\"=>\"show\", \"screen_name\"=>\"NagPingili\", \"tweet_id\"=>\"8\"}','66.249.68.17','GET','http://twitelugu.com/tweet/NagPingili/8','Mozilla/5.0 (compatible; Googlebot/2.1; +http://www.google.com/bot.html)',NULL,'2012-03-13 20:47:55','2012-03-13 20:47:55'),(69,NULL,'7af5abfa2729d4253f18893a9d9b4aca','/tweet/budarapumahesh/6','','tweets','show','{\"controller\"=>\"tweets\", \"action\"=>\"show\", \"screen_name\"=>\"budarapumahesh\", \"tweet_id\"=>\"6\"}','66.249.68.17','GET','http://twitelugu.com/tweet/budarapumahesh/6','Mozilla/5.0 (compatible; Googlebot/2.1; +http://www.google.com/bot.html)',NULL,'2012-03-13 20:48:57','2012-03-13 20:48:57'),(70,NULL,'bf5296f807b5191691a72e4206cf04de','/tweet/budarapumahesh/5','','tweets','show','{\"controller\"=>\"tweets\", \"action\"=>\"show\", \"screen_name\"=>\"budarapumahesh\", \"tweet_id\"=>\"5\"}','66.249.68.17','GET','http://twitelugu.com/tweet/budarapumahesh/5','Mozilla/5.0 (compatible; Googlebot/2.1; +http://www.google.com/bot.html)',NULL,'2012-03-13 20:50:01','2012-03-13 20:50:01'),(71,NULL,'c76e1d9cf913de7ce137e072b39da26e','/tweet/friendlybalu007/3','','tweets','show','{\"controller\"=>\"tweets\", \"action\"=>\"show\", \"screen_name\"=>\"friendlybalu007\", \"tweet_id\"=>\"3\"}','66.249.68.17','GET','http://twitelugu.com/tweet/friendlybalu007/3','Mozilla/5.0 (compatible; Googlebot/2.1; +http://www.google.com/bot.html)',NULL,'2012-03-13 20:51:03','2012-03-13 20:51:03'),(72,NULL,'3253b2866805e681781cd4c70b0cccfd','/tweet/praneethpatlola/2','','tweets','show','{\"controller\"=>\"tweets\", \"action\"=>\"show\", \"screen_name\"=>\"praneethpatlola\", \"tweet_id\"=>\"2\"}','66.249.68.17','GET','http://twitelugu.com/tweet/praneethpatlola/2','Mozilla/5.0 (compatible; Googlebot/2.1; +http://www.google.com/bot.html)',NULL,'2012-03-13 20:52:06','2012-03-13 20:52:06'),(73,NULL,'e26f82fdc778efc5f28cc711c9b949ab','/','','home','index','{\"controller\"=>\"home\", \"action\"=>\"index\"}','207.46.195.234','GET','http://claimville.com/','Mozilla/5.0 (compatible; bingbot/2.0; +http://www.bing.com/bingbot.htm)',NULL,'2012-03-14 00:09:38','2012-03-14 00:09:38'),(74,NULL,'466783ee743df49a3c3ffdea05c0cc39','/','','home','index','{\"controller\"=>\"home\", \"action\"=>\"index\"}','66.249.67.19','GET','http://www.twitelugu.com/','Mozilla/5.0 (compatible; Googlebot/2.1; +http://www.google.com/bot.html)',NULL,'2012-03-14 01:47:07','2012-03-14 01:47:07'),(75,NULL,'298395d049c7e228d3d5716c118d082d','/','','home','index','{\"controller\"=>\"home\", \"action\"=>\"index\"}','119.245.226.73','GET','http://twitelugu.com/',NULL,NULL,'2012-03-14 03:07:56','2012-03-14 03:07:56'),(76,NULL,'820fdd9e42112028bee5c75fc32fd8c2','/','','home','index','{\"controller\"=>\"home\", \"action\"=>\"index\"}','117.195.222.186','GET','http://www.twitelugu.com/','Mozilla/5.0 (X11; U; Linux i686; en-US) AppleWebKit/534.16 (KHTML, like Gecko) Ubuntu/10.04 Chromium/10.0.648.133 Chrome/10.0.648.133 Safari/534.16',NULL,'2012-03-14 05:08:08','2012-03-14 05:08:08'),(77,NULL,'820fdd9e42112028bee5c75fc32fd8c2','/user/twitelugu','','tweets','user_tweets','{\"controller\"=>\"tweets\", \"action\"=>\"user_tweets\", \"screen_name\"=>\"twitelugu\"}','117.195.222.186','GET','http://www.twitelugu.com/user/twitelugu','Mozilla/5.0 (X11; U; Linux i686; en-US) AppleWebKit/534.16 (KHTML, like Gecko) Ubuntu/10.04 Chromium/10.0.648.133 Chrome/10.0.648.133 Safari/534.16','http://www.twitelugu.com/','2012-03-14 05:08:19','2012-03-14 05:08:19'),(78,NULL,'820fdd9e42112028bee5c75fc32fd8c2','/tweet/twitelugu/10','','tweets','show','{\"controller\"=>\"tweets\", \"action\"=>\"show\", \"screen_name\"=>\"twitelugu\", \"tweet_id\"=>\"10\"}','117.195.222.186','GET','http://www.twitelugu.com/tweet/twitelugu/10','Mozilla/5.0 (X11; U; Linux i686; en-US) AppleWebKit/534.16 (KHTML, like Gecko) Ubuntu/10.04 Chromium/10.0.648.133 Chrome/10.0.648.133 Safari/534.16','http://www.twitelugu.com/user/twitelugu','2012-03-14 05:08:21','2012-03-14 05:08:21'),(79,NULL,'820fdd9e42112028bee5c75fc32fd8c2','/','','home','index','{\"controller\"=>\"home\", \"action\"=>\"index\"}','117.195.222.186','GET','http://www.twitelugu.com/','Mozilla/5.0 (X11; U; Linux i686; en-US) AppleWebKit/534.16 (KHTML, like Gecko) Ubuntu/10.04 Chromium/10.0.648.133 Chrome/10.0.648.133 Safari/534.16','http://www.twitelugu.com/tweet/twitelugu/10','2012-03-14 05:08:24','2012-03-14 05:08:24'),(80,NULL,'64603e0a7b6fccf119245c9919805eae','/','','home','index','{\"controller\"=>\"home\", \"action\"=>\"index\"}','117.195.222.186','GET','http://twitelugu.com/','Mozilla/5.0 (X11; Linux x86_64) AppleWebKit/534.51 (KHTML, like Gecko; Google Web Preview) Chrome/12.0.742 Safari/534.51','http://www.google.com/search','2012-03-14 05:10:24','2012-03-14 05:10:24'),(81,NULL,'4efa94d2d47603da66c774ab6bbfd904','/','','home','index','{\"controller\"=>\"home\", \"action\"=>\"index\"}','117.195.222.186','GET','http://www.twitelugu.com/','Mozilla/5.0 (X11; U; Linux i686; en-US) AppleWebKit/534.16 (KHTML, like Gecko) Ubuntu/10.04 Chromium/10.0.648.133 Chrome/10.0.648.133 Safari/534.16','http://whois.domaintools.com/twitelugu.com','2012-03-14 05:16:30','2012-03-14 05:16:30'),(82,NULL,'93e9b41c11999fc0bd0ccb1f06e80eb2','/','','home','index','{\"controller\"=>\"home\", \"action\"=>\"index\"}','85.92.84.232','GET','http://twitelugu.com/','Mozilla/5.0 (compatible; XML Sitemaps Generator; http://www.xml-sitemaps.com) Gecko XML-Sitemaps/1.0',NULL,'2012-03-14 06:16:26','2012-03-14 06:16:26'),(83,NULL,'93e9b41c11999fc0bd0ccb1f06e80eb2','/','','home','index','{\"controller\"=>\"home\", \"action\"=>\"index\"}','85.92.84.232','GET','http://twitelugu.com/','Mozilla/5.0 (compatible; XML Sitemaps Generator; http://www.xml-sitemaps.com) Gecko XML-Sitemaps/1.0',NULL,'2012-03-14 06:16:27','2012-03-14 06:16:27'),(84,NULL,'93e9b41c11999fc0bd0ccb1f06e80eb2','/user/twitelugu','','tweets','user_tweets','{\"controller\"=>\"tweets\", \"action\"=>\"user_tweets\", \"screen_name\"=>\"twitelugu\"}','85.92.84.232','GET','http://twitelugu.com/user/twitelugu','Mozilla/5.0 (compatible; XML Sitemaps Generator; http://www.xml-sitemaps.com) Gecko XML-Sitemaps/1.0',NULL,'2012-03-14 06:16:27','2012-03-14 06:16:27'),(85,NULL,'93e9b41c11999fc0bd0ccb1f06e80eb2','/tweet/twitelugu/10','','tweets','show','{\"controller\"=>\"tweets\", \"action\"=>\"show\", \"screen_name\"=>\"twitelugu\", \"tweet_id\"=>\"10\"}','85.92.84.232','GET','http://twitelugu.com/tweet/twitelugu/10','Mozilla/5.0 (compatible; XML Sitemaps Generator; http://www.xml-sitemaps.com) Gecko XML-Sitemaps/1.0',NULL,'2012-03-14 06:16:28','2012-03-14 06:16:28'),(86,NULL,'93e9b41c11999fc0bd0ccb1f06e80eb2','/user/subha3107','','tweets','user_tweets','{\"controller\"=>\"tweets\", \"action\"=>\"user_tweets\", \"screen_name\"=>\"subha3107\"}','85.92.84.232','GET','http://twitelugu.com/user/subha3107','Mozilla/5.0 (compatible; XML Sitemaps Generator; http://www.xml-sitemaps.com) Gecko XML-Sitemaps/1.0',NULL,'2012-03-14 06:16:28','2012-03-14 06:16:28'),(87,NULL,'93e9b41c11999fc0bd0ccb1f06e80eb2','/tweet/subha3107/9','','tweets','show','{\"controller\"=>\"tweets\", \"action\"=>\"show\", \"screen_name\"=>\"subha3107\", \"tweet_id\"=>\"9\"}','85.92.84.232','GET','http://twitelugu.com/tweet/subha3107/9','Mozilla/5.0 (compatible; XML Sitemaps Generator; http://www.xml-sitemaps.com) Gecko XML-Sitemaps/1.0',NULL,'2012-03-14 06:16:29','2012-03-14 06:16:29'),(88,NULL,'93e9b41c11999fc0bd0ccb1f06e80eb2','/user/NagPingili','','tweets','user_tweets','{\"controller\"=>\"tweets\", \"action\"=>\"user_tweets\", \"screen_name\"=>\"NagPingili\"}','85.92.84.232','GET','http://twitelugu.com/user/NagPingili','Mozilla/5.0 (compatible; XML Sitemaps Generator; http://www.xml-sitemaps.com) Gecko XML-Sitemaps/1.0',NULL,'2012-03-14 06:16:29','2012-03-14 06:16:29'),(89,NULL,'93e9b41c11999fc0bd0ccb1f06e80eb2','/tweet/NagPingili/8','','tweets','show','{\"controller\"=>\"tweets\", \"action\"=>\"show\", \"screen_name\"=>\"NagPingili\", \"tweet_id\"=>\"8\"}','85.92.84.232','GET','http://twitelugu.com/tweet/NagPingili/8','Mozilla/5.0 (compatible; XML Sitemaps Generator; http://www.xml-sitemaps.com) Gecko XML-Sitemaps/1.0',NULL,'2012-03-14 06:16:29','2012-03-14 06:16:29'),(90,NULL,'93e9b41c11999fc0bd0ccb1f06e80eb2','/user/kumar_vv','','tweets','user_tweets','{\"controller\"=>\"tweets\", \"action\"=>\"user_tweets\", \"screen_name\"=>\"kumar_vv\"}','85.92.84.232','GET','http://twitelugu.com/user/kumar_vv','Mozilla/5.0 (compatible; XML Sitemaps Generator; http://www.xml-sitemaps.com) Gecko XML-Sitemaps/1.0',NULL,'2012-03-14 06:16:30','2012-03-14 06:16:30'),(91,NULL,'93e9b41c11999fc0bd0ccb1f06e80eb2','/tweet/kumar_vv/7','','tweets','show','{\"controller\"=>\"tweets\", \"action\"=>\"show\", \"screen_name\"=>\"kumar_vv\", \"tweet_id\"=>\"7\"}','85.92.84.232','GET','http://twitelugu.com/tweet/kumar_vv/7','Mozilla/5.0 (compatible; XML Sitemaps Generator; http://www.xml-sitemaps.com) Gecko XML-Sitemaps/1.0',NULL,'2012-03-14 06:16:30','2012-03-14 06:16:30'),(92,NULL,'93e9b41c11999fc0bd0ccb1f06e80eb2','/user/budarapumahesh','','tweets','user_tweets','{\"controller\"=>\"tweets\", \"action\"=>\"user_tweets\", \"screen_name\"=>\"budarapumahesh\"}','85.92.84.232','GET','http://twitelugu.com/user/budarapumahesh','Mozilla/5.0 (compatible; XML Sitemaps Generator; http://www.xml-sitemaps.com) Gecko XML-Sitemaps/1.0',NULL,'2012-03-14 06:16:30','2012-03-14 06:16:30'),(93,NULL,'93e9b41c11999fc0bd0ccb1f06e80eb2','/tweet/budarapumahesh/6','','tweets','show','{\"controller\"=>\"tweets\", \"action\"=>\"show\", \"screen_name\"=>\"budarapumahesh\", \"tweet_id\"=>\"6\"}','85.92.84.232','GET','http://twitelugu.com/tweet/budarapumahesh/6','Mozilla/5.0 (compatible; XML Sitemaps Generator; http://www.xml-sitemaps.com) Gecko XML-Sitemaps/1.0',NULL,'2012-03-14 06:16:30','2012-03-14 06:16:30'),(94,NULL,'93e9b41c11999fc0bd0ccb1f06e80eb2','/tweet/budarapumahesh/5','','tweets','show','{\"controller\"=>\"tweets\", \"action\"=>\"show\", \"screen_name\"=>\"budarapumahesh\", \"tweet_id\"=>\"5\"}','85.92.84.232','GET','http://twitelugu.com/tweet/budarapumahesh/5','Mozilla/5.0 (compatible; XML Sitemaps Generator; http://www.xml-sitemaps.com) Gecko XML-Sitemaps/1.0',NULL,'2012-03-14 06:16:31','2012-03-14 06:16:31'),(95,NULL,'93e9b41c11999fc0bd0ccb1f06e80eb2','/user/bramu','','tweets','user_tweets','{\"controller\"=>\"tweets\", \"action\"=>\"user_tweets\", \"screen_name\"=>\"bramu\"}','85.92.84.232','GET','http://twitelugu.com/user/bramu','Mozilla/5.0 (compatible; XML Sitemaps Generator; http://www.xml-sitemaps.com) Gecko XML-Sitemaps/1.0',NULL,'2012-03-14 06:16:31','2012-03-14 06:16:31'),(96,NULL,'93e9b41c11999fc0bd0ccb1f06e80eb2','/tweet/bramu/4','','tweets','show','{\"controller\"=>\"tweets\", \"action\"=>\"show\", \"screen_name\"=>\"bramu\", \"tweet_id\"=>\"4\"}','85.92.84.232','GET','http://twitelugu.com/tweet/bramu/4','Mozilla/5.0 (compatible; XML Sitemaps Generator; http://www.xml-sitemaps.com) Gecko XML-Sitemaps/1.0',NULL,'2012-03-14 06:16:31','2012-03-14 06:16:31'),(97,NULL,'93e9b41c11999fc0bd0ccb1f06e80eb2','/user/friendlybalu007','','tweets','user_tweets','{\"controller\"=>\"tweets\", \"action\"=>\"user_tweets\", \"screen_name\"=>\"friendlybalu007\"}','85.92.84.232','GET','http://twitelugu.com/user/friendlybalu007','Mozilla/5.0 (compatible; XML Sitemaps Generator; http://www.xml-sitemaps.com) Gecko XML-Sitemaps/1.0',NULL,'2012-03-14 06:16:32','2012-03-14 06:16:32'),(98,NULL,'93e9b41c11999fc0bd0ccb1f06e80eb2','/tweet/friendlybalu007/3','','tweets','show','{\"controller\"=>\"tweets\", \"action\"=>\"show\", \"screen_name\"=>\"friendlybalu007\", \"tweet_id\"=>\"3\"}','85.92.84.232','GET','http://twitelugu.com/tweet/friendlybalu007/3','Mozilla/5.0 (compatible; XML Sitemaps Generator; http://www.xml-sitemaps.com) Gecko XML-Sitemaps/1.0',NULL,'2012-03-14 06:16:32','2012-03-14 06:16:32'),(99,NULL,'93e9b41c11999fc0bd0ccb1f06e80eb2','/user/praneethpatlola','','tweets','user_tweets','{\"controller\"=>\"tweets\", \"action\"=>\"user_tweets\", \"screen_name\"=>\"praneethpatlola\"}','85.92.84.232','GET','http://twitelugu.com/user/praneethpatlola','Mozilla/5.0 (compatible; XML Sitemaps Generator; http://www.xml-sitemaps.com) Gecko XML-Sitemaps/1.0',NULL,'2012-03-14 06:16:33','2012-03-14 06:16:33'),(100,NULL,'93e9b41c11999fc0bd0ccb1f06e80eb2','/tweet/praneethpatlola/2','','tweets','show','{\"controller\"=>\"tweets\", \"action\"=>\"show\", \"screen_name\"=>\"praneethpatlola\", \"tweet_id\"=>\"2\"}','85.92.84.232','GET','http://twitelugu.com/tweet/praneethpatlola/2','Mozilla/5.0 (compatible; XML Sitemaps Generator; http://www.xml-sitemaps.com) Gecko XML-Sitemaps/1.0',NULL,'2012-03-14 06:16:33','2012-03-14 06:16:33'),(101,NULL,'93e9b41c11999fc0bd0ccb1f06e80eb2','/user/prasofty','','tweets','user_tweets','{\"controller\"=>\"tweets\", \"action\"=>\"user_tweets\", \"screen_name\"=>\"prasofty\"}','85.92.84.232','GET','http://twitelugu.com/user/prasofty','Mozilla/5.0 (compatible; XML Sitemaps Generator; http://www.xml-sitemaps.com) Gecko XML-Sitemaps/1.0',NULL,'2012-03-14 06:16:33','2012-03-14 06:16:33'),(102,NULL,'93e9b41c11999fc0bd0ccb1f06e80eb2','/tweet/prasofty/1','','tweets','show','{\"controller\"=>\"tweets\", \"action\"=>\"show\", \"screen_name\"=>\"prasofty\", \"tweet_id\"=>\"1\"}','85.92.84.232','GET','http://twitelugu.com/tweet/prasofty/1','Mozilla/5.0 (compatible; XML Sitemaps Generator; http://www.xml-sitemaps.com) Gecko XML-Sitemaps/1.0',NULL,'2012-03-14 06:16:34','2012-03-14 06:16:34'),(103,NULL,'93e9b41c11999fc0bd0ccb1f06e80eb2','/auth/twitter','','sessions','new','{\"controller\"=>\"sessions\", \"action\"=>\"new\"}','85.92.84.232','GET','http://twitelugu.com/auth/twitter','Mozilla/5.0 (compatible; XML Sitemaps Generator; http://www.xml-sitemaps.com) Gecko XML-Sitemaps/1.0',NULL,'2012-03-14 06:16:34','2012-03-14 06:16:34'),(104,NULL,'4162878953496e43980642733f010cf2','/','','home','index','{\"controller\"=>\"home\", \"action\"=>\"index\"}','207.46.204.192','GET','http://www.twitelugu.com/','Mozilla/5.0 (compatible; bingbot/2.0; +http://www.bing.com/bingbot.htm)',NULL,'2012-03-14 07:43:45','2012-03-14 07:43:45'),(105,NULL,'820fdd9e42112028bee5c75fc32fd8c2','/','','home','index','{\"controller\"=>\"home\", \"action\"=>\"index\"}','117.195.222.186','GET','http://www.twitelugu.com/','Mozilla/5.0 (X11; U; Linux i686; en-US) AppleWebKit/534.16 (KHTML, like Gecko) Ubuntu/10.04 Chromium/10.0.648.133 Chrome/10.0.648.133 Safari/534.16',NULL,'2012-03-14 11:25:31','2012-03-14 11:25:31'),(106,NULL,'474509848ecb8dbd90266d69addcca6b','/','','home','index','{\"controller\"=>\"home\", \"action\"=>\"index\"}','220.181.108.88','GET','http://claimville.com/','Mozilla/5.0 (compatible; Baiduspider/2.0; +http://www.baidu.com/search/spider.html)',NULL,'2012-03-14 15:58:25','2012-03-14 15:58:25'),(107,NULL,'b42966dc134e36c4993e853ce32533c5','/','','home','index','{\"controller\"=>\"home\", \"action\"=>\"index\"}','199.21.99.106','GET','http://twitelugu.com/','Mozilla/5.0 (compatible; YandexBot/3.0; +http://yandex.com/bots)',NULL,'2012-03-14 16:11:37','2012-03-14 16:11:37'),(108,NULL,'c5fe9e2bbbc35663f2dd26f7eb60b03a','/','','home','index','{\"controller\"=>\"home\", \"action\"=>\"index\"}','212.92.202.48','GET','http://www.aol.com/','Mozilla/4.0 (compatible; MSIE 4.01; Windows 95)',NULL,'2012-03-14 16:24:24','2012-03-14 16:24:24'),(109,NULL,'67f7c4e658d0419d888ebecf31b3c087','/','','home','index','{\"controller\"=>\"home\", \"action\"=>\"index\"}','95.108.150.235','GET','http://li205-108.members.linode.com/','Mozilla/5.0 (compatible; YandexBot/3.0; +http://yandex.com/bots)',NULL,'2012-03-14 17:15:40','2012-03-14 17:15:40'),(110,NULL,'706c06df15b9e1e5bf2db236860085cb','/','','home','index','{\"controller\"=>\"home\", \"action\"=>\"index\"}','95.108.150.235','GET','http://claimville.com/','Mozilla/5.0 (compatible; YandexBot/3.0; +http://yandex.com/bots)',NULL,'2012-03-14 17:15:40','2012-03-14 17:15:40'),(111,NULL,'373d96f75dd01786b07d226636bb738d','/','','home','index','{\"controller\"=>\"home\", \"action\"=>\"index\"}','95.108.150.235','GET','http://li205-108.members.linode.com/','Mozilla/5.0 (compatible; YandexBot/3.0; +http://yandex.com/bots)',NULL,'2012-03-14 17:15:41','2012-03-14 17:15:41'),(112,NULL,'4243dc48e7d4add3b4dc8dacb4a0762d','/','','home','index','{\"controller\"=>\"home\", \"action\"=>\"index\"}','95.108.150.235','GET','http://claimville.com/','Mozilla/5.0 (compatible; YandexBot/3.0; +http://yandex.com/bots)',NULL,'2012-03-14 17:15:42','2012-03-14 17:15:42'),(113,NULL,'e4b977f50332058f1a1b167a65c76837','/','','home','index','{\"controller\"=>\"home\", \"action\"=>\"index\"}','199.21.99.106','GET','http://claimville.com/','Mozilla/5.0 (compatible; YandexBot/3.0; +http://yandex.com/bots)',NULL,'2012-03-14 19:27:45','2012-03-14 19:27:45'),(114,NULL,'5478459705617e3383e4df31611daf6d','/auth/twitter','','sessions','new','{\"controller\"=>\"sessions\", \"action\"=>\"new\"}','66.249.72.186','GET','http://twitelugu.com/auth/twitter','Mozilla/5.0 (compatible; Googlebot/2.1; +http://www.google.com/bot.html)',NULL,'2012-03-15 00:56:10','2012-03-15 00:56:10'),(115,NULL,'4fa53b111180bf41df9f8707d4dd71d9','/','','home','index','{\"controller\"=>\"home\", \"action\"=>\"index\"}','66.249.72.186','GET','http://twitelugu.com/','Mozilla/5.0 (compatible; Googlebot/2.1; +http://www.google.com/bot.html)',NULL,'2012-03-15 04:42:02','2012-03-15 04:42:02'),(116,NULL,'b503b34e3c0646099c34caaa663bf1c3','/','','home','index','{\"controller\"=>\"home\", \"action\"=>\"index\"}','66.249.72.233','GET','http://claimville.com/','Mozilla/5.0 (compatible; Googlebot/2.1; +http://www.google.com/bot.html)',NULL,'2012-03-15 04:59:50','2012-03-15 04:59:50'),(117,NULL,'1f6b0e6b363b079121b5d36cf4d723d4','/user/twitelugu','','tweets','user_tweets','{\"controller\"=>\"tweets\", \"action\"=>\"user_tweets\", \"screen_name\"=>\"twitelugu\"}','66.249.72.233','GET','http://claimville.com/user/twitelugu','Mozilla/5.0 (compatible; Googlebot/2.1; +http://www.google.com/bot.html)',NULL,'2012-03-15 05:17:36','2012-03-15 05:17:36'),(118,NULL,'2703fb20e5d3b8004f5bbd9be550a613','/user/budarapumahesh','','tweets','user_tweets','{\"controller\"=>\"tweets\", \"action\"=>\"user_tweets\", \"screen_name\"=>\"budarapumahesh\"}','66.249.72.233','GET','http://claimville.com/user/budarapumahesh','Mozilla/5.0 (compatible; Googlebot/2.1; +http://www.google.com/bot.html)',NULL,'2012-03-15 05:17:37','2012-03-15 05:17:37'),(119,NULL,'490ae6422c8f1ec75c32414694b73d13','/user/bramu','','tweets','user_tweets','{\"controller\"=>\"tweets\", \"action\"=>\"user_tweets\", \"screen_name\"=>\"bramu\"}','66.249.72.233','GET','http://claimville.com/user/bramu','Mozilla/5.0 (compatible; Googlebot/2.1; +http://www.google.com/bot.html)',NULL,'2012-03-15 05:17:38','2012-03-15 05:17:38'),(120,NULL,'d522842e33884957282ffe5677fa5e51','/user/prasofty','','tweets','user_tweets','{\"controller\"=>\"tweets\", \"action\"=>\"user_tweets\", \"screen_name\"=>\"prasofty\"}','66.249.72.233','GET','http://claimville.com/user/prasofty','Mozilla/5.0 (compatible; Googlebot/2.1; +http://www.google.com/bot.html)',NULL,'2012-03-15 05:18:17','2012-03-15 05:18:17'),(121,NULL,'72d46cb578cba2dc1e9e803dfcabbddb','/user/kumar_vv','','tweets','user_tweets','{\"controller\"=>\"tweets\", \"action\"=>\"user_tweets\", \"screen_name\"=>\"kumar_vv\"}','66.249.72.233','GET','http://claimville.com/user/kumar_vv','Mozilla/5.0 (compatible; Googlebot/2.1; +http://www.google.com/bot.html)',NULL,'2012-03-15 05:19:09','2012-03-15 05:19:09'),(122,NULL,'206ead6adf9379c3cde0d8571e71e53a','/user/subha3107','','tweets','user_tweets','{\"controller\"=>\"tweets\", \"action\"=>\"user_tweets\", \"screen_name\"=>\"subha3107\"}','66.249.72.233','GET','http://claimville.com/user/subha3107','Mozilla/5.0 (compatible; Googlebot/2.1; +http://www.google.com/bot.html)',NULL,'2012-03-15 05:20:01','2012-03-15 05:20:01'),(123,NULL,'9372ec73e5e407fa9cd0b11258145b65','/user/NagPingili','','tweets','user_tweets','{\"controller\"=>\"tweets\", \"action\"=>\"user_tweets\", \"screen_name\"=>\"NagPingili\"}','66.249.72.233','GET','http://claimville.com/user/NagPingili','Mozilla/5.0 (compatible; Googlebot/2.1; +http://www.google.com/bot.html)',NULL,'2012-03-15 05:20:53','2012-03-15 05:20:53'),(124,NULL,'65a1162b3fc6f4266421c39aa33d20f8','/user/praneethpatlola','','tweets','user_tweets','{\"controller\"=>\"tweets\", \"action\"=>\"user_tweets\", \"screen_name\"=>\"praneethpatlola\"}','66.249.72.233','GET','http://claimville.com/user/praneethpatlola','Mozilla/5.0 (compatible; Googlebot/2.1; +http://www.google.com/bot.html)',NULL,'2012-03-15 05:21:44','2012-03-15 05:21:44'),(125,NULL,'7d2a0b484af7ff87d1783a5b4b3e6870','/user/friendlybalu007','','tweets','user_tweets','{\"controller\"=>\"tweets\", \"action\"=>\"user_tweets\", \"screen_name\"=>\"friendlybalu007\"}','66.249.72.233','GET','http://claimville.com/user/friendlybalu007','Mozilla/5.0 (compatible; Googlebot/2.1; +http://www.google.com/bot.html)',NULL,'2012-03-15 05:22:36','2012-03-15 05:22:36'),(126,NULL,'b4270b1f1d26617f71b68a74081e0b8a','/tweet/bramu/4','','tweets','show','{\"controller\"=>\"tweets\", \"action\"=>\"show\", \"screen_name\"=>\"bramu\", \"tweet_id\"=>\"4\"}','66.249.72.233','GET','http://claimville.com/tweet/bramu/4','Mozilla/5.0 (compatible; Googlebot/2.1; +http://www.google.com/bot.html)',NULL,'2012-03-15 05:23:28','2012-03-15 05:23:28'),(127,NULL,'8daf8549d4d16ffdd735b14900380b9c','/tweet/prasofty/1','','tweets','show','{\"controller\"=>\"tweets\", \"action\"=>\"show\", \"screen_name\"=>\"prasofty\", \"tweet_id\"=>\"1\"}','66.249.72.233','GET','http://claimville.com/tweet/prasofty/1','Mozilla/5.0 (compatible; Googlebot/2.1; +http://www.google.com/bot.html)',NULL,'2012-03-15 05:24:20','2012-03-15 05:24:20'),(128,NULL,'e2e2cd50468ec8540b501aed9c3256d8','/tweet/kumar_vv/7','','tweets','show','{\"controller\"=>\"tweets\", \"action\"=>\"show\", \"screen_name\"=>\"kumar_vv\", \"tweet_id\"=>\"7\"}','66.249.72.233','GET','http://claimville.com/tweet/kumar_vv/7','Mozilla/5.0 (compatible; Googlebot/2.1; +http://www.google.com/bot.html)',NULL,'2012-03-15 05:25:11','2012-03-15 05:25:11'),(129,NULL,'0e9d35678b0369ca9d128442859a434c','/tweet/subha3107/9','','tweets','show','{\"controller\"=>\"tweets\", \"action\"=>\"show\", \"screen_name\"=>\"subha3107\", \"tweet_id\"=>\"9\"}','66.249.72.233','GET','http://claimville.com/tweet/subha3107/9','Mozilla/5.0 (compatible; Googlebot/2.1; +http://www.google.com/bot.html)',NULL,'2012-03-15 05:26:03','2012-03-15 05:26:03'),(130,NULL,'27023876d382ddf6f5d4f8f30f55dd73','/tweet/NagPingili/8','','tweets','show','{\"controller\"=>\"tweets\", \"action\"=>\"show\", \"screen_name\"=>\"NagPingili\", \"tweet_id\"=>\"8\"}','66.249.72.233','GET','http://claimville.com/tweet/NagPingili/8','Mozilla/5.0 (compatible; Googlebot/2.1; +http://www.google.com/bot.html)',NULL,'2012-03-15 05:26:55','2012-03-15 05:26:55'),(131,NULL,'7c9ef46f638c67642628d4ffe2c1339f','/tweet/twitelugu/10','','tweets','show','{\"controller\"=>\"tweets\", \"action\"=>\"show\", \"screen_name\"=>\"twitelugu\", \"tweet_id\"=>\"10\"}','66.249.72.233','GET','http://claimville.com/tweet/twitelugu/10','Mozilla/5.0 (compatible; Googlebot/2.1; +http://www.google.com/bot.html)',NULL,'2012-03-15 05:27:47','2012-03-15 05:27:47'),(132,NULL,'33ed7c53c2dacce62a5e5e0498ec3729','/tweet/budarapumahesh/6','','tweets','show','{\"controller\"=>\"tweets\", \"action\"=>\"show\", \"screen_name\"=>\"budarapumahesh\", \"tweet_id\"=>\"6\"}','66.249.72.233','GET','http://claimville.com/tweet/budarapumahesh/6','Mozilla/5.0 (compatible; Googlebot/2.1; +http://www.google.com/bot.html)',NULL,'2012-03-15 05:28:39','2012-03-15 05:28:39'),(133,NULL,'d599d23c6705297a5dc59b52d1f3cdf8','/tweet/budarapumahesh/5','','tweets','show','{\"controller\"=>\"tweets\", \"action\"=>\"show\", \"screen_name\"=>\"budarapumahesh\", \"tweet_id\"=>\"5\"}','66.249.72.233','GET','http://claimville.com/tweet/budarapumahesh/5','Mozilla/5.0 (compatible; Googlebot/2.1; +http://www.google.com/bot.html)',NULL,'2012-03-15 05:29:30','2012-03-15 05:29:30'),(134,NULL,'3ff6ba37a3281225ecc3c9c09bc65ffa','/tweet/praneethpatlola/2','','tweets','show','{\"controller\"=>\"tweets\", \"action\"=>\"show\", \"screen_name\"=>\"praneethpatlola\", \"tweet_id\"=>\"2\"}','66.249.72.233','GET','http://claimville.com/tweet/praneethpatlola/2','Mozilla/5.0 (compatible; Googlebot/2.1; +http://www.google.com/bot.html)',NULL,'2012-03-15 05:30:22','2012-03-15 05:30:22'),(135,NULL,'43bf28ce66c0e906529c73e71c3567dc','/tweet/friendlybalu007/3','','tweets','show','{\"controller\"=>\"tweets\", \"action\"=>\"show\", \"screen_name\"=>\"friendlybalu007\", \"tweet_id\"=>\"3\"}','66.249.72.233','GET','http://claimville.com/tweet/friendlybalu007/3','Mozilla/5.0 (compatible; Googlebot/2.1; +http://www.google.com/bot.html)',NULL,'2012-03-15 05:31:14','2012-03-15 05:31:14'),(136,NULL,'f8ffd643d7064097ab6a96d8357e7534','/','','home','index','{\"controller\"=>\"home\", \"action\"=>\"index\"}','173.55.175.81','GET','http://twitelugu.com/','Mozilla (Windows; U; Windows NT 5.1; en-US; rv:1.9.1.11)',NULL,'2012-03-15 09:05:05','2012-03-15 09:05:05'),(137,NULL,'ebd250f2d8e0f25471bef0b1c3c734e4','/','','home','index','{\"controller\"=>\"home\", \"action\"=>\"index\"}','174.36.36.62','GET','http://twitelugu.com/','Python-urllib/2.6',NULL,'2012-03-15 11:09:40','2012-03-15 11:09:40'),(138,NULL,'b75a2ea88f31509bf60700fb93d5274b','/','','home','index','{\"controller\"=>\"home\", \"action\"=>\"index\"}','184.72.46.207','GET','http://twitelugu.com/','UnwindFetchor/1.0 (+http://www.gnip.com/)',NULL,'2012-03-15 11:09:42','2012-03-15 11:09:42'),(139,NULL,'fb245f83afbafae9e20ad313ec62223d','/','','home','index','{\"controller\"=>\"home\", \"action\"=>\"index\"}','204.236.164.21','GET','http://twitelugu.com/','UnwindFetchor/1.0 (+http://www.gnip.com/)',NULL,'2012-03-15 11:09:42','2012-03-15 11:09:42'),(140,NULL,'e9e8c258c7f3d9bc900a822180205f1f','/auth/twitter','','sessions','new','{\"controller\"=>\"sessions\", \"action\"=>\"new\"}','199.21.99.106','GET','http://twitelugu.com/auth/twitter','Mozilla/5.0 (compatible; YandexBot/3.0; +http://yandex.com/bots)',NULL,'2012-03-15 11:37:50','2012-03-15 11:37:50'),(141,NULL,'c156a542442a2610d90301a27622bda1','/','','home','index','{\"controller\"=>\"home\", \"action\"=>\"index\"}','27.6.0.60','GET','http://www.twitelugu.com:8089/','Mozilla/5.0 (Windows NT 6.1; rv:10.0.2) Gecko/20100101 Firefox/10.0.2',NULL,'2012-03-15 15:58:35','2012-03-15 15:58:35'),(142,NULL,'3962aab620cdfd37e6d0b4c7fe8b3b4f','/','','home','index','{\"controller\"=>\"home\", \"action\"=>\"index\"}','27.6.0.60','GET','http://173.255.195.108:8089/','Mozilla/5.0 (Windows NT 6.1; rv:11.0) Gecko/20100101 Firefox/11.0',NULL,'2012-03-19 14:31:38','2012-03-19 14:31:38');
/*!40000 ALTER TABLE `user_activities` ENABLE KEYS */;
UNLOCK TABLES;

--
-- Table structure for table `user_login_activities`
--

DROP TABLE IF EXISTS `user_login_activities`;
/*!40101 SET @saved_cs_client     = @@character_set_client */;
/*!40101 SET character_set_client = utf8 */;
CREATE TABLE `user_login_activities` (
  `id` int(11) NOT NULL AUTO_INCREMENT,
  `user_id` int(11) DEFAULT NULL,
  `session_id` varchar(255) COLLATE utf8_unicode_ci DEFAULT NULL,
  `sign_in_at` datetime DEFAULT NULL,
  `sign_out_at` datetime DEFAULT NULL,
  `is_sign_out` tinyint(1) DEFAULT '0',
  `sign_in_ip` varchar(255) COLLATE utf8_unicode_ci DEFAULT NULL,
  `http_user_agent` varchar(255) COLLATE utf8_unicode_ci DEFAULT NULL,
  `http_referer` varchar(255) COLLATE utf8_unicode_ci DEFAULT NULL,
  `created_at` datetime NOT NULL,
  `updated_at` datetime NOT NULL,
  PRIMARY KEY (`id`)
) ENGINE=InnoDB AUTO_INCREMENT=27 DEFAULT CHARSET=utf8 COLLATE=utf8_unicode_ci;
/*!40101 SET character_set_client = @saved_cs_client */;

--
-- Dumping data for table `user_login_activities`
--

LOCK TABLES `user_login_activities` WRITE;
/*!40000 ALTER TABLE `user_login_activities` DISABLE KEYS */;
INSERT INTO `user_login_activities` VALUES (1,1,'d96522d8c87ae16c6853769f21c55f6d','2012-03-04 15:57:42','2012-03-04 16:07:38',1,'27.6.1.4','Mozilla/5.0 (Windows NT 6.1; rv:10.0.2) Gecko/20100101 Firefox/10.0.2',NULL,'2012-03-04 15:57:42','2012-03-04 16:07:38'),(2,1,'78f87dd48875883afd8cf919732a606e','2012-03-04 16:14:58','2012-03-04 16:15:30',1,'27.6.1.4','Mozilla/5.0 (Windows NT 6.1; rv:10.0.2) Gecko/20100101 Firefox/10.0.2',NULL,'2012-03-04 16:14:58','2012-03-04 16:15:30'),(3,1,'94e493fb40ac33fad94b31ce5320bc4a','2012-03-04 16:55:21','2012-03-04 16:55:42',1,'27.6.1.4','Mozilla/5.0 (Windows NT 6.1; rv:10.0.2) Gecko/20100101 Firefox/10.0.2',NULL,'2012-03-04 16:55:21','2012-03-04 16:55:42'),(4,2,'6bfa6845a1b312dc27a15046bad33307','2012-03-04 17:04:43',NULL,0,'70.116.10.15','Mozilla/5.0 (Macintosh; Intel Mac OS X 10.6; rv:5.0.1) Gecko/20100101 Firefox/5.0.1',NULL,'2012-03-04 17:04:43','2012-03-04 17:04:43'),(5,1,'04b75730b1e1a96f95bf4cc5928b1e60','2012-03-05 03:21:23','2012-03-05 03:22:20',1,'117.195.199.174','Mozilla/5.0 (Ubuntu; X11; Linux i686; rv:9.0.1) Gecko/20100101 Firefox/9.0.1',NULL,'2012-03-05 03:21:23','2012-03-05 03:22:20'),(6,2,'5f93b240b3ff44056feae6ad7758dcb9','2012-03-05 03:23:41','2012-03-05 03:25:51',1,'117.195.199.174','Mozilla/5.0 (Ubuntu; X11; Linux i686; rv:9.0.1) Gecko/20100101 Firefox/9.0.1',NULL,'2012-03-05 03:23:41','2012-03-05 03:25:51'),(7,1,'68f26a5daa4ba160a6335af7ab3b27c7','2012-03-05 07:26:02','2012-03-05 09:58:45',1,'117.195.199.174','Mozilla/5.0 (Ubuntu; X11; Linux i686; rv:9.0.1) Gecko/20100101 Firefox/9.0.1',NULL,'2012-03-05 07:26:02','2012-03-05 09:58:45'),(8,1,'a61aa46e42f6b7a6e6d7edda9b30c753','2012-03-05 10:00:17','2012-03-05 10:00:50',1,'117.195.198.250','Mozilla/5.0 (X11; U; Linux i686; en-US) AppleWebKit/534.16 (KHTML, like Gecko) Ubuntu/10.04 Chromium/10.0.648.133 Chrome/10.0.648.133 Safari/534.16',NULL,'2012-03-05 10:00:17','2012-03-05 10:00:50'),(9,3,'f750ad2653638e8cc852b43045458f2f','2012-03-05 10:09:20',NULL,0,'148.87.19.198','Mozilla/5.0 (Windows NT 5.1; rv:10.0.2) Gecko/20100101 Firefox/10.0.2',NULL,'2012-03-05 10:09:20','2012-03-05 10:09:20'),(10,4,'017de4b99277b4f5399d637704c4df04','2012-03-05 10:10:26','2012-03-05 10:21:46',1,'117.204.57.246','Mozilla/5.0 (X11; Linux i686) AppleWebKit/535.1 (KHTML, like Gecko) Chrome/14.0.835.202 Safari/535.1',NULL,'2012-03-05 10:10:26','2012-03-05 10:21:46'),(11,5,'825b13960970facc4b6533d06a01ba5f','2012-03-05 10:31:33',NULL,0,'202.65.129.26','Mozilla/5.0 (Windows NT 5.1; rv:10.0.2) Gecko/20100101 Firefox/10.0.2',NULL,'2012-03-05 10:31:33','2012-03-05 10:31:33'),(12,5,'fb0e419ba9fd73b23cb0fa60d48c8a52','2012-03-05 10:42:08','2012-03-05 10:43:33',1,'202.65.129.26','Mozilla/5.0 (Windows NT 5.1; rv:10.0.2) Gecko/20100101 Firefox/10.0.2',NULL,'2012-03-05 10:42:08','2012-03-05 10:43:33'),(13,1,'17f2905f3c62905bc567991dc919796f','2012-03-05 13:36:17','2012-03-05 13:40:10',1,'27.6.1.4','Mozilla/5.0 (Windows NT 6.1; rv:10.0.2) Gecko/20100101 Firefox/10.0.2',NULL,'2012-03-05 13:36:17','2012-03-05 13:40:10'),(14,6,'56633cea01a2720e48381b04f604b528','2012-03-05 13:52:18','2012-03-05 13:58:13',1,'27.6.1.4','Mozilla/5.0 (Windows NT 6.1; rv:10.0.2) Gecko/20100101 Firefox/10.0.2',NULL,'2012-03-05 13:52:18','2012-03-05 13:58:13'),(15,7,'c4af58c158d31efd59b0840e061527da','2012-03-05 15:00:30',NULL,0,'117.213.170.10','Mozilla/5.0 (Windows NT 5.2; rv:2.0) Gecko/20100101 Firefox/4.0',NULL,'2012-03-05 15:00:30','2012-03-05 15:00:30'),(16,8,'425da5f063a87a03fafae4cd3ae630f8','2012-03-05 16:41:54',NULL,0,'183.82.148.45','Mozilla/5.0 (Windows NT 5.1; rv:2.0.1) Gecko/20100101 Firefox/4.0.1',NULL,'2012-03-05 16:41:54','2012-03-05 16:41:54'),(17,9,'2b303d786ed6c6e175054999b13dfde1','2012-03-06 05:43:49',NULL,0,'122.169.128.91','Mozilla/5.0 (Windows NT 5.1) AppleWebKit/535.7 (KHTML, like Gecko) Chrome/16.0.912.75 Safari/535.7',NULL,'2012-03-06 05:43:49','2012-03-06 05:43:49'),(18,10,'7655ad35f25a4b284ef618a1fd6cda2a','2012-03-06 05:53:50','2012-03-06 05:55:03',1,'220.225.103.132','Mozilla/5.0 (Windows NT 6.1; WOW64) AppleWebKit/535.11 (KHTML, like Gecko) Chrome/17.0.963.56 Safari/535.11',NULL,'2012-03-06 05:53:50','2012-03-06 05:55:03'),(19,1,'9d513c640ff8bd5342007dc4da15f7e4','2012-03-08 11:58:07',NULL,0,'14.195.236.155','SAMSUNG-GT-S3310/1.0 SHP/VPP/R5 NetFront/3.4 SMM-MMS/1.2.0 profile/MIDP-2.0 configuration/CLDC-1.1',NULL,'2012-03-08 11:58:07','2012-03-08 11:58:07'),(20,7,'d2a0ae8e7cca57e146d5aeddf8045592','2012-03-08 15:01:09',NULL,0,'117.204.75.167','Mozilla/5.0 (Windows NT 5.2; rv:2.0) Gecko/20100101 Firefox/4.0',NULL,'2012-03-08 15:01:09','2012-03-08 15:01:09'),(21,6,'3d28f7ceb6784433d20f4fb690d94a26','2012-03-09 13:25:28','2012-03-09 13:28:56',1,'112.79.40.59','Mozilla/5.0 (Windows; U; Windows NT 6.1; en-US; rv:1.9.2.10) Gecko/20100914 Firefox/3.6.10',NULL,'2012-03-09 13:25:28','2012-03-09 13:28:56'),(22,7,'0a0ed1cd3ac094ec7a80d9e4f5f45bcb','2012-03-10 03:12:05',NULL,0,'117.204.72.214','Mozilla/5.0 (Windows NT 5.2; rv:2.0) Gecko/20100101 Firefox/4.0',NULL,'2012-03-10 03:12:05','2012-03-10 03:12:05'),(23,7,'d133e2e66cba5e7f6c5c5a82da6d106b','2012-03-12 05:32:48',NULL,0,'117.204.77.213','Mozilla/5.0 (Windows NT 5.2; rv:2.0) Gecko/20100101 Firefox/4.0',NULL,'2012-03-12 05:32:49','2012-03-12 05:32:49'),(24,11,'785d92604367d02a089ed950a6f1d215','2012-03-12 12:11:32','2012-03-12 12:22:34',1,'117.213.227.62','Mozilla/5.0 (X11; U; Linux i686; en-US) AppleWebKit/534.16 (KHTML, like Gecko) Ubuntu/10.04 Chromium/10.0.648.133 Chrome/10.0.648.133 Safari/534.16',NULL,'2012-03-12 12:11:32','2012-03-12 12:22:34'),(25,5,'9a01353ade0d8bff501e036ea6399355','2012-03-13 12:45:11','2012-03-13 12:46:44',1,'119.82.117.230','Mozilla/5.0 (Windows NT 5.1; rv:10.0.2) Gecko/20100101 Firefox/10.0.2',NULL,'2012-03-13 12:45:11','2012-03-13 12:46:44'),(26,12,'549e4f89a43192a0735d91af4d7d0653','2012-03-13 16:27:00','2012-03-13 16:30:58',1,'27.6.0.60','Mozilla/5.0 (Windows NT 6.1; rv:10.0.2) Gecko/20100101 Firefox/10.0.2',NULL,'2012-03-13 16:27:00','2012-03-13 16:30:58');
/*!40000 ALTER TABLE `user_login_activities` ENABLE KEYS */;
UNLOCK TABLES;

--
-- Table structure for table `users`
--

DROP TABLE IF EXISTS `users`;
/*!40101 SET @saved_cs_client     = @@character_set_client */;
/*!40101 SET character_set_client = utf8 */;
CREATE TABLE `users` (
  `id` int(11) NOT NULL AUTO_INCREMENT,
  `screen_name` varchar(255) COLLATE utf8_unicode_ci NOT NULL,
  `twitter_id` decimal(30,0) NOT NULL,
  `token` varchar(255) COLLATE utf8_unicode_ci NOT NULL,
  `secret` varchar(255) COLLATE utf8_unicode_ci NOT NULL,
  `disable` tinyint(1) DEFAULT '0',
  `created_at` datetime NOT NULL,
  `updated_at` datetime NOT NULL,
  PRIMARY KEY (`id`)
) ENGINE=InnoDB AUTO_INCREMENT=13 DEFAULT CHARSET=utf8 COLLATE=utf8_unicode_ci;
/*!40101 SET character_set_client = @saved_cs_client */;

--
-- Dumping data for table `users`
--

LOCK TABLES `users` WRITE;
/*!40000 ALTER TABLE `users` DISABLE KEYS */;
INSERT INTO `users` VALUES (1,'prasofty','88410009','88410009-8yaYQV35aj89sMl1F2rwsdb0I4R2rdxjSmM1Ix60U','4cMturRAxVyIdPhXx8Wzv9oYa6ouigdYoTJ4NRs',0,'2012-03-04 15:57:42','2012-03-04 15:57:42'),(2,'praneethpatlola','16285102','16285102-HS4Tm8v92uUPBYNszgnS3k6wY5q4bxBVT4GPghoSA','cNkSLiXSGSmgZKeUlMa0ghNogJ1efwJ4GIwptMZiA',0,'2012-03-04 17:04:43','2012-03-04 17:04:43'),(3,'friendlybalu007','140716164','140716164-OnoIwKcrz3qEVYXdTHBidTBfme0FcPQ7yi51Y6PB','Fwnk692TbXPL8LDw2KPJKkx22TrnKRtra0P8VpIfQ',0,'2012-03-05 10:09:20','2012-03-05 10:09:20'),(4,'bramu','16943523','16943523-bVLcKC3fJRt9GjooQ4mMWpswxeXumOfQlqp8AObTh','LNXbdnOj2vgexYGG5yqU74IqCnhWJxFR8aFIN4jDiY',0,'2012-03-05 10:10:26','2012-03-05 10:10:26'),(5,'budarapumahesh','250062530','250062530-McFVL6i3jqqKYTfskmWlimWxt6WiWhleiYM7ojY','ywnTti4XUoApDyLsT8X167SAlHDqdO4F15ug84sBo',0,'2012-03-05 10:31:33','2012-03-05 10:31:33'),(6,'subha3107','515483009','515483009-LnkQljIwHEo4l9eHeYVolSi6dIgDkR2q4PqLugiX','hu9Fn5QSuI5EGP3sKKysztoHqIQbmX94ZdCxH4aYus',0,'2012-03-05 13:52:18','2012-03-05 13:52:18'),(7,'NagPingili','131170141','131170141-K38Ixw6NGXwPbwGlvTnc4P7uq6NBdWo1gbWSadi0','PIHeU66LkSa8YfcxBe2hER1LAbn8SJktzZnESsfRo',0,'2012-03-05 15:00:30','2012-03-05 15:00:30'),(8,'mallinookala','325723547','325723547-buPgoDTnPHNHdpNNR7bWwg9CVdqgh8KGkeOHfV66','PVqrORwjXYVwO97PGdsD5OnqcVljEE0zttksDfBvSQ',0,'2012-03-05 16:41:54','2012-03-05 16:41:54'),(9,'kumar_vv','140492949','140492949-vHEfmooUXvttgeKz9BCSspQOxucTKByJu1rFPqDq','dJGK04bKUecgClr7tQYqXDxaSbTt44OngRe6KFajzIg',0,'2012-03-06 05:43:48','2012-03-06 05:43:48'),(10,'madhus29','266597244','266597244-navVz7892DO7vIaP6aAZP3rT7l0UDLNvBv6CrnZc','mokqCXv991nUkHFLWgxyGXUMODv2UtmqNa077xMUjEo',0,'2012-03-06 05:53:49','2012-03-06 05:53:49'),(11,'twitelugu','515520434','515520434-FYW5lAZCAmBd1fBaJ6Stv6s1CvCvX9APmma9gJBn','61xs6RUBrDSMgmRa4v6PFrmWzcRB7UKI9yHHChEsqY',0,'2012-03-12 12:11:32','2012-03-12 12:11:32'),(12,'prasannaboga','45782038','45782038-zUFdzbHgKvXWsoFecIP3ZCHyzi9kRk6PZPTjC5yA','yQY0kznE7Mseb53S2Gy5aTzh3wrTz41ipP5Mwasfdo',0,'2012-03-13 16:27:00','2012-03-13 16:27:00');
/*!40000 ALTER TABLE `users` ENABLE KEYS */;
UNLOCK TABLES;
/*!40103 SET TIME_ZONE=@OLD_TIME_ZONE */;

/*!40101 SET SQL_MODE=@OLD_SQL_MODE */;
/*!40014 SET FOREIGN_KEY_CHECKS=@OLD_FOREIGN_KEY_CHECKS */;
/*!40014 SET UNIQUE_CHECKS=@OLD_UNIQUE_CHECKS */;
/*!40101 SET CHARACTER_SET_CLIENT=@OLD_CHARACTER_SET_CLIENT */;
/*!40101 SET CHARACTER_SET_RESULTS=@OLD_CHARACTER_SET_RESULTS */;
/*!40101 SET COLLATION_CONNECTION=@OLD_COLLATION_CONNECTION */;
/*!40111 SET SQL_NOTES=@OLD_SQL_NOTES */;

-- Dump completed on 2012-03-19 19:47:12
